<?xml version="1.0" encoding="UTF-8"?>
<document version="1.2.0">
  <chunks next_id="1" active_id="0">
    <chunk id="0" path="0/chunk.zip"/>
  </chunks>
  <meta>
    <property name="Info/LastSavedDateTime" value="2021:08:10 11:06:15"/>
    <property name="Info/LastSavedSoftwareVersion" value="1.6.1.10009"/>
    <property name="Info/OriginalDateTime" value="2021:08:10 10:54:49"/>
    <property name="Info/OriginalSoftwareName" value="Agisoft Metashape"/>
    <property name="Info/OriginalSoftwareVendor" value="Agisoft"/>
    <property name="Info/OriginalSoftwareVersion" value="1.6.1.10009"/>
  </meta>
</document>
